"TargetModule","Coverage"
"linkedList2","0.8717948717948718"
"linkedList2","0.8717948717948718"
"linkedList2","0.8717948717948718"
"linkedList2","0.8717948717948718"
