"TargetModule","Coverage"
"queue4","0.9107142857142857"
"queue4","0.9107142857142857"
"queue4","0.9107142857142857"
"queue4","0.8928571428571429"
