"TargetModule","Coverage"
"identifier1","0.9210526315789473"
"identifier1","0.9210526315789473"
"identifier1","0.9210526315789473"
"identifier1","0.9210526315789473"
"identifier1","0.9210526315789473"
"identifier1","0.9210526315789473"
"identifier1","0.9210526315789473"
